{
    "swagger": "2.0",
    "info": {
        "description": "This is a weave server api doc.",
        "title": "Weave Server API",
        "contact": {},
        "license": {
            "name": "Apache 2.0",
            "url": "http://www.apache.org/licenses/LICENSE-2.0.html"
        },
        "version": "2.0"
    },
    "host": "localhost:8080",
    "basePath": "/",
    "paths": {
        "/api/v1/auth/token": {
            "post": {
                "description": "User login",
                "consumes": [
                    "application/json"
                ],
                "produces": [
                    "application/json"
                ],
                "tags": [
                    "auth"
                ],
                "summary": "Login",
                "parameters": [
                    {
                        "description": "auth user info",
                        "name": "user",
                        "in": "body",
                        "required": true,
                        "schema": {
                            "$ref": "#/definitions/model.AuthUser"
                        }
                    }
                ],
                "responses": {
                    "200": {
                        "description": "OK",
                        "schema": {
                            "allOf": [
                                {
                                    "$ref": "#/definitions/common.Response"
                                },
                                {
                                    "type": "object",
                                    "properties": {
                                        "data": {
                                            "$ref": "#/definitions/model.JWTToken"
                                        }
                                    }
                                }
                            ]
                        }
                    }
                }
            },
            "delete": {
                "description": "User logout",
                "produces": [
                    "application/json"
                ],
                "tags": [
                    "auth"
                ],
                "summary": "Logout",
                "responses": {
                    "200": {
                        "description": "OK",
                        "schema": {
                            "$ref": "#/definitions/common.Response"
                        }
                    }
                }
            }
        },
        "/api/v1/auth/user": {
            "post": {
                "description": "Create user and storage",
                "consumes": [
                    "application/json"
                ],
                "produces": [
                    "application/json"
                ],
                "tags": [
                    "auth"
                ],
                "summary": "Register user",
                "parameters": [
                    {
                        "description": "user info",
                        "name": "user",
                        "in": "body",
                        "required": true,
                        "schema": {
                            "$ref": "#/definitions/model.CreatedUser"
                        }
                    }
                ],
                "responses": {
                    "200": {
                        "description": "OK",
                        "schema": {
                            "allOf": [
                                {
                                    "$ref": "#/definitions/common.Response"
                                },
                                {
                                    "type": "object",
                                    "properties": {
                                        "data": {
                                            "$ref": "#/definitions/model.User"
                                        }
                                    }
                                }
                            ]
                        }
                    }
                }
            }
        },
        "/api/v1/containers": {
            "get": {
                "security": [
                    {
                        "JWT": []
                    }
                ],
                "description": "List container",
                "produces": [
                    "application/json"
                ],
                "tags": [
                    "container"
                ],
                "summary": "List container",
                "responses": {
                    "200": {
                        "description": "OK",
                        "schema": {
                            "allOf": [
                                {
                                    "$ref": "#/definitions/common.Response"
                                },
                                {
                                    "type": "object",
                                    "properties": {
                                        "data": {
                                            "type": "array",
                                            "items": {
                                                "$ref": "#/definitions/model.Container"
                                            }
                                        }
                                    }
                                }
                            ]
                        }
                    }
                }
            },
            "post": {
                "security": [
                    {
                        "JWT": []
                    }
                ],
                "description": "Create container",
                "consumes": [
                    "application/json"
                ],
                "produces": [
                    "application/json"
                ],
                "tags": [
                    "container"
                ],
                "summary": "Create container",
                "parameters": [
                    {
                        "description": "container info",
                        "name": "container",
                        "in": "body",
                        "required": true,
                        "schema": {
                            "$ref": "#/definitions/model.CreatedContainer"
                        }
                    }
                ],
                "responses": {
                    "200": {
                        "description": "OK",
                        "schema": {
                            "allOf": [
                                {
                                    "$ref": "#/definitions/common.Response"
                                },
                                {
                                    "type": "object",
                                    "properties": {
                                        "data": {
                                            "$ref": "#/definitions/model.Container"
                                        }
                                    }
                                }
                            ]
                        }
                    }
                }
            }
        },
        "/api/v1/containers/:id": {
            "put": {
                "security": [
                    {
                        "JWT": []
                    }
                ],
                "description": "Update container",
                "consumes": [
                    "application/json"
                ],
                "produces": [
                    "application/json"
                ],
                "tags": [
                    "container"
                ],
                "summary": "Update container",
                "parameters": [
                    {
                        "description": "container info",
                        "name": "container",
                        "in": "body",
                        "required": true,
                        "schema": {
                            "$ref": "#/definitions/model.CreatedContainer"
                        }
                    },
                    {
                        "type": "string",
                        "description": "container id",
                        "name": "id",
                        "in": "path",
                        "required": true
                    }
                ],
                "responses": {
                    "200": {
                        "description": "OK",
                        "schema": {
                            "allOf": [
                                {
                                    "$ref": "#/definitions/common.Response"
                                },
                                {
                                    "type": "object",
                                    "properties": {
                                        "data": {
                                            "$ref": "#/definitions/model.Container"
                                        }
                                    }
                                }
                            ]
                        }
                    }
                }
            }
        },
        "/api/v1/containers/{id}": {
            "get": {
                "security": [
                    {
                        "JWT": []
                    }
                ],
                "description": "Get container",
                "produces": [
                    "application/json"
                ],
                "tags": [
                    "container"
                ],
                "summary": "Get container",
                "parameters": [
                    {
                        "type": "string",
                        "description": "container id",
                        "name": "id",
                        "in": "path",
                        "required": true
                    }
                ],
                "responses": {
                    "200": {
                        "description": "OK",
                        "schema": {
                            "allOf": [
                                {
                                    "$ref": "#/definitions/common.Response"
                                },
                                {
                                    "type": "object",
                                    "properties": {
                                        "data": {
                                            "$ref": "#/definitions/model.Container"
                                        }
                                    }
                                }
                            ]
                        }
                    }
                }
            },
            "post": {
                "security": [
                    {
                        "JWT": []
                    }
                ],
                "description": "Operate container",
                "produces": [
                    "application/json"
                ],
                "tags": [
                    "container"
                ],
                "summary": "Operate container",
                "parameters": [
                    {
                        "type": "string",
                        "description": "container id",
                        "name": "id",
                        "in": "path",
                        "required": true
                    },
                    {
                        "type": "string",
                        "description": "verb: start/stop/restart",
                        "name": "verb",
                        "in": "query",
                        "required": true
                    }
                ],
                "responses": {
                    "200": {
                        "description": "OK",
                        "schema": {
                            "$ref": "#/definitions/common.Response"
                        }
                    }
                }
            },
            "delete": {
                "security": [
                    {
                        "JWT": []
                    }
                ],
                "description": "Delete container",
                "produces": [
                    "application/json"
                ],
                "tags": [
                    "container"
                ],
                "summary": "Delete container",
                "parameters": [
                    {
                        "type": "string",
                        "description": "container id",
                        "name": "id",
                        "in": "path",
                        "required": true
                    }
                ],
                "responses": {
                    "200": {
                        "description": "OK",
                        "schema": {
                            "$ref": "#/definitions/common.Response"
                        }
                    }
                }
            }
        },
        "/api/v1/containers/{id}/exec": {
            "get": {
                "security": [
                    {
                        "JWT": []
                    }
                ],
                "description": "exec container",
                "tags": [
                    "container"
                ],
                "summary": "Exec container",
                "parameters": [
                    {
                        "type": "string",
                        "description": "container id",
                        "name": "id",
                        "in": "path",
                        "required": true
                    },
                    {
                        "type": "string",
                        "description": "shell, sh or bash",
                        "name": "shell",
                        "in": "query"
                    }
                ],
                "responses": {
                    "200": {
                        "description": "OK",
                        "schema": {
                            "type": "string"
                        }
                    }
                }
            }
        },
        "/api/v1/containers/{id}/log": {
            "get": {
                "security": [
                    {
                        "JWT": []
                    }
                ],
                "description": "Get container log",
                "produces": [
                    "application/json"
                ],
                "tags": [
                    "container"
                ],
                "summary": "Get container log",
                "parameters": [
                    {
                        "type": "string",
                        "description": "container id",
                        "name": "id",
                        "in": "path",
                        "required": true
                    },
                    {
                        "type": "boolean",
                        "description": "follow log",
                        "name": "follow",
                        "in": "query"
                    },
                    {
                        "type": "string",
                        "description": "tail log all or number",
                        "name": "tail",
                        "in": "query"
                    }
                ],
                "responses": {
                    "200": {
                        "description": "OK",
                        "schema": {
                            "type": "string"
                        }
                    }
                }
            }
        },
        "/api/v1/containers/{id}/proxy": {
            "get": {
                "security": [
                    {
                        "JWT": []
                    }
                ],
                "description": "proxy container",
                "tags": [
                    "container"
                ],
                "summary": "Proxy container",
                "parameters": [
                    {
                        "type": "string",
                        "description": "container id",
                        "name": "id",
                        "in": "path",
                        "required": true
                    },
                    {
                        "type": "string",
                        "description": "shell, sh or bash",
                        "name": "shell",
                        "in": "query"
                    }
                ],
                "responses": {
                    "200": {
                        "description": "OK",
                        "schema": {
                            "type": "string"
                        }
                    }
                }
            }
        },
        "/api/v1/groups": {
            "get": {
                "security": [
                    {
                        "JWT": []
                    }
                ],
                "description": "List group",
                "produces": [
                    "application/json"
                ],
                "tags": [
                    "group"
                ],
                "summary": "List group",
                "responses": {
                    "200": {
                        "description": "OK",
                        "schema": {
                            "allOf": [
                                {
                                    "$ref": "#/definitions/common.Response"
                                },
                                {
                                    "type": "object",
                                    "properties": {
                                        "data": {
                                            "type": "array",
                                            "items": {
                                                "$ref": "#/definitions/model.Group"
                                            }
                                        }
                                    }
                                }
                            ]
                        }
                    }
                }
            },
            "post": {
                "security": [
                    {
                        "JWT": []
                    }
                ],
                "description": "Create group and storage",
                "consumes": [
                    "application/json"
                ],
                "produces": [
                    "application/json"
                ],
                "tags": [
                    "group"
                ],
                "summary": "Create group",
                "parameters": [
                    {
                        "description": "group info",
                        "name": "group",
                        "in": "body",
                        "required": true,
                        "schema": {
                            "$ref": "#/definitions/model.CreatedGroup"
                        }
                    }
                ],
                "responses": {
                    "200": {
                        "description": "OK",
                        "schema": {
                            "allOf": [
                                {
                                    "$ref": "#/definitions/common.Response"
                                },
                                {
                                    "type": "object",
                                    "properties": {
                                        "data": {
                                            "$ref": "#/definitions/model.Group"
                                        }
                                    }
                                }
                            ]
                        }
                    }
                }
            }
        },
        "/api/v1/groups/{id}": {
            "get": {
                "security": [
                    {
                        "JWT": []
                    }
                ],
                "description": "Get group",
                "produces": [
                    "application/json"
                ],
                "tags": [
                    "group"
                ],
                "summary": "Get group",
                "parameters": [
                    {
                        "type": "integer",
                        "description": "group id",
                        "name": "id",
                        "in": "path",
                        "required": true
                    }
                ],
                "responses": {
                    "200": {
                        "description": "OK",
                        "schema": {
                            "allOf": [
                                {
                                    "$ref": "#/definitions/common.Response"
                                },
                                {
                                    "type": "object",
                                    "properties": {
                                        "data": {
                                            "$ref": "#/definitions/model.Group"
                                        }
                                    }
                                }
                            ]
                        }
                    }
                }
            },
            "put": {
                "security": [
                    {
                        "JWT": []
                    }
                ],
                "description": "Update group and storage",
                "consumes": [
                    "application/json"
                ],
                "produces": [
                    "application/json"
                ],
                "tags": [
                    "group"
                ],
                "summary": "Update group",
                "parameters": [
                    {
                        "description": "group info",
                        "name": "group",
                        "in": "body",
                        "required": true,
                        "schema": {
                            "$ref": "#/definitions/model.UpdatedUser"
                        }
                    },
                    {
                        "type": "integer",
                        "description": "group id",
                        "name": "id",
                        "in": "path",
                        "required": true
                    }
                ],
                "responses": {
                    "200": {
                        "description": "OK",
                        "schema": {
                            "allOf": [
                                {
                                    "$ref": "#/definitions/common.Response"
                                },
                                {
                                    "type": "object",
                                    "properties": {
                                        "data": {
                                            "$ref": "#/definitions/model.Group"
                                        }
                                    }
                                }
                            ]
                        }
                    }
                }
            },
            "delete": {
                "security": [
                    {
                        "JWT": []
                    }
                ],
                "description": "Delete group",
                "produces": [
                    "application/json"
                ],
                "tags": [
                    "group"
                ],
                "summary": "Delete group",
                "parameters": [
                    {
                        "type": "integer",
                        "description": "group id",
                        "name": "id",
                        "in": "path",
                        "required": true
                    }
                ],
                "responses": {
                    "200": {
                        "description": "OK",
                        "schema": {
                            "$ref": "#/definitions/common.Response"
                        }
                    }
                }
            }
        },
        "/api/v1/groups/{id}/roles/{rid}": {
            "post": {
                "security": [
                    {
                        "JWT": []
                    }
                ],
                "description": "Add role to group",
                "produces": [
                    "application/json"
                ],
                "tags": [
                    "group"
                ],
                "summary": "Add role",
                "parameters": [
                    {
                        "type": "integer",
                        "description": "group id",
                        "name": "id",
                        "in": "path",
                        "required": true
                    },
                    {
                        "type": "integer",
                        "description": "role id",
                        "name": "rid",
                        "in": "path",
                        "required": true
                    }
                ],
                "responses": {
                    "200": {
                        "description": "OK",
                        "schema": {
                            "$ref": "#/definitions/common.Response"
                        }
                    }
                }
            },
            "delete": {
                "security": [
                    {
                        "JWT": []
                    }
                ],
                "description": "delete role from group",
                "produces": [
                    "application/json"
                ],
                "tags": [
                    "group"
                ],
                "summary": "Delete role",
                "parameters": [
                    {
                        "type": "integer",
                        "description": "group id",
                        "name": "id",
                        "in": "path",
                        "required": true
                    },
                    {
                        "type": "integer",
                        "description": "role id",
                        "name": "rid",
                        "in": "path",
                        "required": true
                    }
                ],
                "responses": {
                    "200": {
                        "description": "OK",
                        "schema": {
                            "$ref": "#/definitions/common.Response"
                        }
                    }
                }
            }
        },
        "/api/v1/groups/{id}/users": {
            "get": {
                "security": [
                    {
                        "JWT": []
                    }
                ],
                "description": "Get users",
                "produces": [
                    "application/json"
                ],
                "tags": [
                    "group"
                ],
                "summary": "Get users",
                "parameters": [
                    {
                        "type": "integer",
                        "description": "group id",
                        "name": "id",
                        "in": "path",
                        "required": true
                    }
                ],
                "responses": {
                    "200": {
                        "description": "OK",
                        "schema": {
                            "$ref": "#/definitions/common.Response"
                        }
                    }
                }
            },
            "post": {
                "security": [
                    {
                        "JWT": []
                    }
                ],
                "description": "Add user to group",
                "produces": [
                    "application/json"
                ],
                "tags": [
                    "group"
                ],
                "summary": "Add user",
                "parameters": [
                    {
                        "type": "integer",
                        "description": "group id",
                        "name": "id",
                        "in": "path",
                        "required": true
                    },
                    {
                        "description": "user info",
                        "name": "user",
                        "in": "body",
                        "required": true,
                        "schema": {
                            "$ref": "#/definitions/model.User"
                        }
                    }
                ],
                "responses": {
                    "200": {
                        "description": "OK",
                        "schema": {
                            "$ref": "#/definitions/common.Response"
                        }
                    }
                }
            },
            "delete": {
                "security": [
                    {
                        "JWT": []
                    }
                ],
                "description": "Delete user from group",
                "produces": [
                    "application/json"
                ],
                "tags": [
                    "group"
                ],
                "summary": "Delete user",
                "parameters": [
                    {
                        "type": "integer",
                        "description": "group id",
                        "name": "id",
                        "in": "path",
                        "required": true
                    },
                    {
                        "description": "user info",
                        "name": "user",
                        "in": "body",
                        "required": true,
                        "schema": {
                            "$ref": "#/definitions/model.User"
                        }
                    },
                    {
                        "type": "string",
                        "description": "user name",
                        "name": "name",
                        "in": "query",
                        "required": true
                    },
                    {
                        "type": "string",
                        "description": "user role",
                        "name": "name",
                        "in": "query",
                        "required": true
                    }
                ],
                "responses": {
                    "200": {
                        "description": "OK",
                        "schema": {
                            "$ref": "#/definitions/common.Response"
                        }
                    }
                }
            }
        },
        "/api/v1/namespaces/:namespace/:resource": {
            "get": {
                "security": [
                    {
                        "JWT": []
                    }
                ],
                "description": "List kube resource",
                "consumes": [
                    "application/json"
                ],
                "produces": [
                    "application/json"
                ],
                "tags": [
                    "k8s"
                ],
                "summary": "List kube resource",
                "responses": {
                    "200": {
                        "description": "OK",
                        "schema": {
                            "allOf": [
                                {
                                    "$ref": "#/definitions/common.Response"
                                },
                                {
                                    "type": "object",
                                    "properties": {
                                        "data": {
                                            "type": "object",
                                            "additionalProperties": true
                                        }
                                    }
                                }
                            ]
                        }
                    }
                }
            },
            "post": {
                "security": [
                    {
                        "JWT": []
                    }
                ],
                "description": "Create kube resource",
                "consumes": [
                    "application/json"
                ],
                "produces": [
                    "application/json"
                ],
                "tags": [
                    "k8s"
                ],
                "summary": "Create kube resource",
                "parameters": [
                    {
                        "description": "k8s json info",
                        "name": "app",
                        "in": "body",
                        "required": true,
                        "schema": {
                            "type": "object",
                            "additionalProperties": true
                        }
                    }
                ],
                "responses": {
                    "200": {
                        "description": "OK",
                        "schema": {
                            "allOf": [
                                {
                                    "$ref": "#/definitions/common.Response"
                                },
                                {
                                    "type": "object",
                                    "properties": {
                                        "data": {
                                            "type": "object",
                                            "additionalProperties": true
                                        }
                                    }
                                }
                            ]
                        }
                    }
                }
            }
        },
        "/api/v1/namespaces/:namespace/:resource/:name": {
            "get": {
                "security": [
                    {
                        "JWT": []
                    }
                ],
                "description": "Get kube resource",
                "consumes": [
                    "application/json"
                ],
                "produces": [
                    "application/json"
                ],
                "tags": [
                    "k8s"
                ],
                "summary": "Get kube resource",
                "responses": {
                    "200": {
                        "description": "OK",
                        "schema": {
                            "allOf": [
                                {
                                    "$ref": "#/definitions/common.Response"
                                },
                                {
                                    "type": "object",
                                    "properties": {
                                        "data": {
                                            "type": "object",
                                            "additionalProperties": true
                                        }
                                    }
                                }
                            ]
                        }
                    }
                }
            },
            "put": {
                "security": [
                    {
                        "JWT": []
                    }
                ],
                "description": "Update kube resource",
                "consumes": [
                    "application/json"
                ],
                "produces": [
                    "application/json"
                ],
                "tags": [
                    "k8s"
                ],
                "summary": "Update kube resource",
                "parameters": [
                    {
                        "description": "k8s json info",
                        "name": "app",
                        "in": "body",
                        "required": true,
                        "schema": {
                            "type": "object",
                            "additionalProperties": true
                        }
                    }
                ],
                "responses": {
                    "200": {
                        "description": "OK",
                        "schema": {
                            "allOf": [
                                {
                                    "$ref": "#/definitions/common.Response"
                                },
                                {
                                    "type": "object",
                                    "properties": {
                                        "data": {
                                            "type": "object",
                                            "additionalProperties": true
                                        }
                                    }
                                }
                            ]
                        }
                    }
                }
            },
            "delete": {
                "security": [
                    {
                        "JWT": []
                    }
                ],
                "description": "Delete kube resource",
                "consumes": [
                    "application/json"
                ],
                "produces": [
                    "application/json"
                ],
                "tags": [
                    "k8s"
                ],
                "summary": "Delete kube resource",
                "responses": {
                    "200": {
                        "description": "OK",
                        "schema": {
                            "$ref": "#/definitions/common.Response"
                        }
                    }
                }
            }
        },
        "/api/v1/operations": {
            "get": {
                "security": [
                    {
                        "JWT": []
                    }
                ],
                "description": "List operations",
                "produces": [
                    "application/json"
                ],
                "tags": [
                    "rbac"
                ],
                "summary": "List operations",
                "responses": {
                    "200": {
                        "description": "OK",
                        "schema": {
                            "allOf": [
                                {
                                    "$ref": "#/definitions/common.Response"
                                },
                                {
                                    "type": "object",
                                    "properties": {
                                        "data": {
                                            "type": "array",
                                            "items": {
                                                "$ref": "#/definitions/model.Operation"
                                            }
                                        }
                                    }
                                }
                            ]
                        }
                    }
                }
            }
        },
        "/api/v1/posts": {
            "get": {
                "security": [
                    {
                        "JWT": []
                    }
                ],
                "description": "List post",
                "produces": [
                    "application/json"
                ],
                "tags": [
                    "post"
                ],
                "summary": "List post",
                "responses": {
                    "200": {
                        "description": "OK",
                        "schema": {
                            "allOf": [
                                {
                                    "$ref": "#/definitions/common.Response"
                                },
                                {
                                    "type": "object",
                                    "properties": {
                                        "data": {
                                            "type": "array",
                                            "items": {
                                                "$ref": "#/definitions/model.Post"
                                            }
                                        }
                                    }
                                }
                            ]
                        }
                    }
                }
            },
            "post": {
                "security": [
                    {
                        "JWT": []
                    }
                ],
                "description": "Create post and storage",
                "consumes": [
                    "application/json"
                ],
                "produces": [
                    "application/json"
                ],
                "tags": [
                    "post"
                ],
                "summary": "Create post",
                "parameters": [
                    {
                        "description": "post info",
                        "name": "post",
                        "in": "body",
                        "required": true,
                        "schema": {
                            "$ref": "#/definitions/model.Post"
                        }
                    }
                ],
                "responses": {
                    "200": {
                        "description": "OK",
                        "schema": {
                            "allOf": [
                                {
                                    "$ref": "#/definitions/common.Response"
                                },
                                {
                                    "type": "object",
                                    "properties": {
                                        "data": {
                                            "$ref": "#/definitions/model.Post"
                                        }
                                    }
                                }
                            ]
                        }
                    }
                }
            }
        },
        "/api/v1/posts/{id}": {
            "get": {
                "security": [
                    {
                        "JWT": []
                    }
                ],
                "description": "Get post",
                "produces": [
                    "application/json"
                ],
                "tags": [
                    "post"
                ],
                "summary": "Get post",
                "parameters": [
                    {
                        "type": "integer",
                        "description": "post id",
                        "name": "id",
                        "in": "path",
                        "required": true
                    }
                ],
                "responses": {
                    "200": {
                        "description": "OK",
                        "schema": {
                            "allOf": [
                                {
                                    "$ref": "#/definitions/common.Response"
                                },
                                {
                                    "type": "object",
                                    "properties": {
                                        "data": {
                                            "$ref": "#/definitions/model.Post"
                                        }
                                    }
                                }
                            ]
                        }
                    }
                }
            },
            "put": {
                "security": [
                    {
                        "JWT": []
                    }
                ],
                "description": "Update post and storage",
                "consumes": [
                    "application/json"
                ],
                "produces": [
                    "application/json"
                ],
                "tags": [
                    "post"
                ],
                "summary": "Update post",
                "parameters": [
                    {
                        "description": "post info",
                        "name": "post",
                        "in": "body",
                        "required": true,
                        "schema": {
                            "$ref": "#/definitions/model.UpdatedUser"
                        }
                    },
                    {
                        "type": "integer",
                        "description": "post id",
                        "name": "id",
                        "in": "path",
                        "required": true
                    }
                ],
                "responses": {
                    "200": {
                        "description": "OK",
                        "schema": {
                            "allOf": [
                                {
                                    "$ref": "#/definitions/common.Response"
                                },
                                {
                                    "type": "object",
                                    "properties": {
                                        "data": {
                                            "$ref": "#/definitions/model.Post"
                                        }
                                    }
                                }
                            ]
                        }
                    }
                }
            },
            "delete": {
                "security": [
                    {
                        "JWT": []
                    }
                ],
                "description": "Delete post",
                "produces": [
                    "application/json"
                ],
                "tags": [
                    "post"
                ],
                "summary": "Delete post",
                "parameters": [
                    {
                        "type": "integer",
                        "description": "post id",
                        "name": "id",
                        "in": "path",
                        "required": true
                    }
                ],
                "responses": {
                    "200": {
                        "description": "OK",
                        "schema": {
                            "$ref": "#/definitions/common.Response"
                        }
                    }
                }
            }
        },
        "/api/v1/posts/{id}/comment": {
            "post": {
                "security": [
                    {
                        "JWT": []
                    }
                ],
                "description": "Add Comment",
                "produces": [
                    "application/json"
                ],
                "tags": [
                    "post"
                ],
                "summary": "Add Comment",
                "parameters": [
                    {
                        "type": "integer",
                        "description": "post id",
                        "name": "id",
                        "in": "path",
                        "required": true
                    }
                ],
                "responses": {
                    "200": {
                        "description": "OK",
                        "schema": {
                            "$ref": "#/definitions/common.Response"
                        }
                    }
                }
            }
        },
        "/api/v1/posts/{id}/comment/${cid}": {
            "delete": {
                "security": [
                    {
                        "JWT": []
                    }
                ],
                "description": "Delete Comment",
                "produces": [
                    "application/json"
                ],
                "tags": [
                    "post"
                ],
                "summary": "Delete Comment",
                "parameters": [
                    {
                        "type": "integer",
                        "description": "post id",
                        "name": "id",
                        "in": "path",
                        "required": true
                    },
                    {
                        "type": "integer",
                        "description": "comment id",
                        "name": "cid",
                        "in": "path",
                        "required": true
                    }
                ],
                "responses": {
                    "200": {
                        "description": "OK",
                        "schema": {
                            "$ref": "#/definitions/common.Response"
                        }
                    }
                }
            }
        },
        "/api/v1/posts/{id}/like": {
            "post": {
                "security": [
                    {
                        "JWT": []
                    }
                ],
                "description": "Add Like",
                "produces": [
                    "application/json"
                ],
                "tags": [
                    "post"
                ],
                "summary": "Add Like",
                "parameters": [
                    {
                        "type": "integer",
                        "description": "post id",
                        "name": "id",
                        "in": "path",
                        "required": true
                    }
                ],
                "responses": {
                    "200": {
                        "description": "OK",
                        "schema": {
                            "$ref": "#/definitions/common.Response"
                        }
                    }
                }
            },
            "delete": {
                "security": [
                    {
                        "JWT": []
                    }
                ],
                "description": "Delete Like",
                "produces": [
                    "application/json"
                ],
                "tags": [
                    "post"
                ],
                "summary": "Delete Like",
                "parameters": [
                    {
                        "type": "integer",
                        "description": "post id",
                        "name": "id",
                        "in": "path",
                        "required": true
                    }
                ],
                "responses": {
                    "200": {
                        "description": "OK",
                        "schema": {
                            "$ref": "#/definitions/common.Response"
                        }
                    }
                }
            }
        },
        "/api/v1/resources": {
            "get": {
                "security": [
                    {
                        "JWT": []
                    }
                ],
                "description": "List resources",
                "produces": [
                    "application/json"
                ],
                "tags": [
                    "rbac"
                ],
                "summary": "List resources",
                "responses": {
                    "200": {
                        "description": "OK",
                        "schema": {
                            "allOf": [
                                {
                                    "$ref": "#/definitions/common.Response"
                                },
                                {
                                    "type": "object",
                                    "properties": {
                                        "data": {
                                            "type": "array",
                                            "items": {
                                                "$ref": "#/definitions/model.Resource"
                                            }
                                        }
                                    }
                                }
                            ]
                        }
                    }
                }
            }
        },
        "/api/v1/roles": {
            "get": {
                "security": [
                    {
                        "JWT": []
                    }
                ],
                "description": "List rbac role",
                "produces": [
                    "application/json"
                ],
                "tags": [
                    "rbac"
                ],
                "summary": "List rbac role",
                "responses": {
                    "200": {
                        "description": "OK",
                        "schema": {
                            "allOf": [
                                {
                                    "$ref": "#/definitions/common.Response"
                                },
                                {
                                    "type": "object",
                                    "properties": {
                                        "data": {
                                            "type": "array",
                                            "items": {
                                                "$ref": "#/definitions/model.Role"
                                            }
                                        }
                                    }
                                }
                            ]
                        }
                    }
                }
            },
            "post": {
                "security": [
                    {
                        "JWT": []
                    }
                ],
                "description": "Create rbac role",
                "consumes": [
                    "application/json"
                ],
                "produces": [
                    "application/json"
                ],
                "tags": [
                    "rbac"
                ],
                "summary": "Create rbac role",
                "parameters": [
                    {
                        "description": "rbac role info",
                        "name": "role",
                        "in": "body",
                        "required": true,
                        "schema": {
                            "$ref": "#/definitions/model.Role"
                        }
                    }
                ],
                "responses": {
                    "200": {
                        "description": "OK",
                        "schema": {
                            "$ref": "#/definitions/common.Response"
                        }
                    }
                }
            }
        },
        "/api/v1/roles/:id": {
            "put": {
                "security": [
                    {
                        "JWT": []
                    }
                ],
                "description": "Update rbac role",
                "consumes": [
                    "application/json"
                ],
                "produces": [
                    "application/json"
                ],
                "tags": [
                    "rbac"
                ],
                "summary": "Update rbac role",
                "parameters": [
                    {
                        "description": "rbac role info",
                        "name": "role",
                        "in": "body",
                        "required": true,
                        "schema": {
                            "$ref": "#/definitions/model.Role"
                        }
                    },
                    {
                        "type": "integer",
                        "description": "role id",
                        "name": "id",
                        "in": "path",
                        "required": true
                    }
                ],
                "responses": {
                    "200": {
                        "description": "OK",
                        "schema": {
                            "$ref": "#/definitions/common.Response"
                        }
                    }
                }
            }
        },
        "/api/v1/roles/{id}": {
            "get": {
                "security": [
                    {
                        "JWT": []
                    }
                ],
                "description": "Get role",
                "produces": [
                    "application/json"
                ],
                "tags": [
                    "rbac"
                ],
                "summary": "Get role",
                "parameters": [
                    {
                        "type": "integer",
                        "description": "role id",
                        "name": "id",
                        "in": "path",
                        "required": true
                    }
                ],
                "responses": {
                    "200": {
                        "description": "OK",
                        "schema": {
                            "allOf": [
                                {
                                    "$ref": "#/definitions/common.Response"
                                },
                                {
                                    "type": "object",
                                    "properties": {
                                        "data": {
                                            "$ref": "#/definitions/model.Role"
                                        }
                                    }
                                }
                            ]
                        }
                    }
                }
            },
            "delete": {
                "security": [
                    {
                        "JWT": []
                    }
                ],
                "description": "Delete role",
                "produces": [
                    "application/json"
                ],
                "tags": [
                    "rbac"
                ],
                "summary": "Delete role",
                "parameters": [
                    {
                        "type": "integer",
                        "description": "role id",
                        "name": "id",
                        "in": "path",
                        "required": true
                    }
                ],
                "responses": {
                    "200": {
                        "description": "OK",
                        "schema": {
                            "$ref": "#/definitions/common.Response"
                        }
                    }
                }
            }
        },
        "/api/v1/users": {
            "get": {
                "security": [
                    {
                        "JWT": []
                    }
                ],
                "description": "List user and storage",
                "produces": [
                    "application/json"
                ],
                "tags": [
                    "user"
                ],
                "summary": "List user",
                "responses": {
                    "200": {
                        "description": "OK",
                        "schema": {
                            "allOf": [
                                {
                                    "$ref": "#/definitions/common.Response"
                                },
                                {
                                    "type": "object",
                                    "properties": {
                                        "data": {
                                            "type": "array",
                                            "items": {
                                                "$ref": "#/definitions/model.User"
                                            }
                                        }
                                    }
                                }
                            ]
                        }
                    }
                }
            },
            "post": {
                "security": [
                    {
                        "JWT": []
                    }
                ],
                "description": "Create user and storage",
                "consumes": [
                    "application/json"
                ],
                "produces": [
                    "application/json"
                ],
                "tags": [
                    "user"
                ],
                "summary": "Create user",
                "parameters": [
                    {
                        "description": "user info",
                        "name": "user",
                        "in": "body",
                        "required": true,
                        "schema": {
                            "$ref": "#/definitions/model.CreatedUser"
                        }
                    }
                ],
                "responses": {
                    "200": {
                        "description": "OK",
                        "schema": {
                            "allOf": [
                                {
                                    "$ref": "#/definitions/common.Response"
                                },
                                {
                                    "type": "object",
                                    "properties": {
                                        "data": {
                                            "$ref": "#/definitions/model.User"
                                        }
                                    }
                                }
                            ]
                        }
                    }
                }
            }
        },
        "/api/v1/users/{id}": {
            "get": {
                "security": [
                    {
                        "JWT": []
                    }
                ],
                "description": "Get user and storage",
                "produces": [
                    "application/json"
                ],
                "tags": [
                    "user"
                ],
                "summary": "Get user",
                "parameters": [
                    {
                        "type": "integer",
                        "description": "user id",
                        "name": "id",
                        "in": "path",
                        "required": true
                    }
                ],
                "responses": {
                    "200": {
                        "description": "OK",
                        "schema": {
                            "allOf": [
                                {
                                    "$ref": "#/definitions/common.Response"
                                },
                                {
                                    "type": "object",
                                    "properties": {
                                        "data": {
                                            "$ref": "#/definitions/model.User"
                                        }
                                    }
                                }
                            ]
                        }
                    }
                }
            },
            "put": {
                "security": [
                    {
                        "JWT": []
                    }
                ],
                "description": "Update user and storage",
                "consumes": [
                    "application/json"
                ],
                "produces": [
                    "application/json"
                ],
                "tags": [
                    "user"
                ],
                "summary": "Update user",
                "parameters": [
                    {
                        "description": "user info",
                        "name": "user",
                        "in": "body",
                        "required": true,
                        "schema": {
                            "$ref": "#/definitions/model.UpdatedUser"
                        }
                    },
                    {
                        "type": "integer",
                        "description": "user id",
                        "name": "id",
                        "in": "path",
                        "required": true
                    }
                ],
                "responses": {
                    "200": {
                        "description": "OK",
                        "schema": {
                            "allOf": [
                                {
                                    "$ref": "#/definitions/common.Response"
                                },
                                {
                                    "type": "object",
                                    "properties": {
                                        "data": {
                                            "$ref": "#/definitions/model.User"
                                        }
                                    }
                                }
                            ]
                        }
                    }
                }
            },
            "delete": {
                "security": [
                    {
                        "JWT": []
                    }
                ],
                "description": "Delete user and storage",
                "produces": [
                    "application/json"
                ],
                "tags": [
                    "user"
                ],
                "summary": "Delete user",
                "parameters": [
                    {
                        "type": "integer",
                        "description": "user id",
                        "name": "id",
                        "in": "path",
                        "required": true
                    }
                ],
                "responses": {
                    "200": {
                        "description": "OK",
                        "schema": {
                            "$ref": "#/definitions/common.Response"
                        }
                    }
                }
            }
        },
        "/api/v1/users/{id}/groups": {
            "get": {
                "security": [
                    {
                        "JWT": []
                    }
                ],
                "description": "Get groups",
                "produces": [
                    "application/json"
                ],
                "tags": [
                    "group"
                ],
                "summary": "Get groups",
                "parameters": [
                    {
                        "type": "integer",
                        "description": "user id",
                        "name": "id",
                        "in": "path",
                        "required": true
                    }
                ],
                "responses": {
                    "200": {
                        "description": "OK",
                        "schema": {
                            "$ref": "#/definitions/common.Response"
                        }
                    }
                }
            }
        },
        "/api/v1/users/{id}/roles/{rid}": {
            "post": {
                "security": [
                    {
                        "JWT": []
                    }
                ],
                "description": "Add role to user",
                "produces": [
                    "application/json"
                ],
                "tags": [
                    "user"
                ],
                "summary": "Add role",
                "parameters": [
                    {
                        "type": "integer",
                        "description": "user id",
                        "name": "id",
                        "in": "path",
                        "required": true
                    },
                    {
                        "type": "integer",
                        "description": "role id",
                        "name": "rid",
                        "in": "path",
                        "required": true
                    }
                ],
                "responses": {
                    "200": {
                        "description": "OK",
                        "schema": {
                            "$ref": "#/definitions/common.Response"
                        }
                    }
                }
            },
            "delete": {
                "security": [
                    {
                        "JWT": []
                    }
                ],
                "description": "delete role from user",
                "produces": [
                    "application/json"
                ],
                "tags": [
                    "user"
                ],
                "summary": "Delete role",
                "parameters": [
                    {
                        "type": "integer",
                        "description": "user id",
                        "name": "id",
                        "in": "path",
                        "required": true
                    },
                    {
                        "type": "integer",
                        "description": "role id",
                        "name": "rid",
                        "in": "path",
                        "required": true
                    }
                ],
                "responses": {
                    "200": {
                        "description": "OK",
                        "schema": {
                            "$ref": "#/definitions/common.Response"
                        }
                    }
                }
            }
        },
        "/index": {
            "get": {
                "produces": [
                    "text/html"
                ],
                "tags": [
                    "home"
                ],
                "summary": "Home",
                "responses": {}
            }
        }
    },
    "definitions": {
        "common.Response": {
            "type": "object",
            "properties": {
                "code": {
                    "type": "integer"
                },
                "data": {},
                "msg": {
                    "type": "string"
                }
            }
        },
        "model.AuthInfo": {
            "type": "object",
            "properties": {
                "authId": {
                    "type": "string"
                },
                "authType": {
                    "type": "string"
                },
                "createdAt": {
                    "type": "string"
                },
                "id": {
                    "type": "integer"
                },
                "updatedAt": {
                    "type": "string"
                },
                "url": {
                    "type": "string"
                },
                "userId": {
                    "type": "integer"
                }
            }
        },
        "model.AuthUser": {
            "type": "object",
            "properties": {
                "authCode": {
                    "type": "string"
                },
                "authType": {
                    "type": "string"
                },
                "name": {
                    "type": "string"
                },
                "password": {
                    "type": "string"
                },
                "setCookie": {
                    "type": "boolean"
                }
            }
        },
        "model.Category": {
            "type": "object",
            "properties": {
                "id": {
                    "type": "integer"
                },
                "name": {
                    "type": "string"
                }
            }
        },
        "model.Comment": {
            "type": "object",
            "properties": {
                "content": {
                    "type": "string"
                },
                "createdAt": {
                    "type": "string"
                },
                "id": {
                    "type": "integer"
                },
                "parent": {
                    "$ref": "#/definitions/model.Comment"
                },
                "parentId": {
                    "type": "integer"
                },
                "postId": {
                    "type": "integer"
                },
                "updatedAt": {
                    "type": "string"
                },
                "user": {
                    "$ref": "#/definitions/model.User"
                },
                "userId": {
                    "type": "integer"
                }
            }
        },
        "model.Container": {
            "type": "object",
            "properties": {
                "address": {
                    "type": "string"
                },
                "cmd": {
                    "type": "array",
                    "items": {
                        "type": "string"
                    }
                },
                "id": {
                    "type": "string"
                },
                "image": {
                    "type": "string"
                },
                "name": {
                    "type": "string"
                },
                "port": {
                    "type": "integer"
                },
                "startAt": {
                    "type": "string"
                },
                "status": {
                    "type": "string"
                }
            }
        },
        "model.CreatedContainer": {
            "type": "object",
            "properties": {
                "cmd": {
                    "type": "array",
                    "items": {
                        "type": "string"
                    }
                },
                "image": {
                    "type": "string"
                },
                "name": {
                    "type": "string"
                },
                "port": {
                    "type": "integer"
                }
            }
        },
        "model.CreatedGroup": {
            "type": "object",
            "properties": {
                "creatorId": {
                    "type": "integer"
                },
                "describe": {
                    "type": "string"
                },
                "name": {
                    "type": "string"
                }
            }
        },
        "model.CreatedUser": {
            "type": "object",
            "properties": {
                "authInfos": {
                    "type": "array",
                    "items": {
                        "$ref": "#/definitions/model.AuthInfo"
                    }
                },
                "avatar": {
                    "type": "string"
                },
                "email": {
                    "type": "string"
                },
                "name": {
                    "type": "string"
                },
                "password": {
                    "type": "string"
                }
            }
        },
        "model.Group": {
            "type": "object",
            "properties": {
                "createdAt": {
                    "type": "string"
                },
                "creatorId": {
                    "type": "integer"
                },
                "describe": {
                    "type": "string"
                },
                "id": {
                    "type": "integer"
                },
                "kind": {
                    "type": "string"
                },
                "name": {
                    "type": "string"
                },
                "roles": {
                    "type": "array",
                    "items": {
                        "$ref": "#/definitions/model.Role"
                    }
                },
                "updatedAt": {
                    "type": "string"
                },
                "updaterId": {
                    "type": "integer"
                },
                "users": {
                    "type": "array",
                    "items": {
                        "$ref": "#/definitions/model.User"
                    }
                }
            }
        },
        "model.JWTToken": {
            "type": "object",
            "properties": {
                "describe": {
                    "type": "string"
                },
                "token": {
                    "type": "string"
                }
            }
        },
        "model.Operation": {
            "type": "string",
            "enum": [
                "*",
                "edit",
                "view"
            ],
            "x-enum-varnames": [
                "AllOperation",
                "EditOperation",
                "ViewOperation"
            ]
        },
        "model.Post": {
            "type": "object",
            "properties": {
                "categories": {
                    "type": "array",
                    "items": {
                        "$ref": "#/definitions/model.Category"
                    }
                },
                "comments": {
                    "type": "array",
                    "items": {
                        "$ref": "#/definitions/model.Comment"
                    }
                },
                "content": {
                    "type": "string"
                },
                "createdAt": {
                    "type": "string"
                },
                "creator": {
                    "$ref": "#/definitions/model.User"
                },
                "creatorId": {
                    "type": "integer"
                },
                "id": {
                    "type": "integer"
                },
                "likes": {
                    "type": "integer"
                },
                "name": {
                    "type": "string"
                },
                "summary": {
                    "type": "string"
                },
                "tags": {
                    "type": "array",
                    "items": {
                        "$ref": "#/definitions/model.Tag"
                    }
                },
                "updatedAt": {
                    "type": "string"
                },
                "userLiked": {
                    "type": "boolean"
                },
                "views": {
                    "type": "integer"
                }
            }
        },
        "model.Resource": {
            "type": "object",
            "properties": {
                "id": {
                    "type": "integer"
                },
                "kind": {
                    "type": "string"
                },
                "name": {
                    "type": "string"
                },
                "scope": {
                    "$ref": "#/definitions/model.Scope"
                }
            }
        },
        "model.Role": {
            "type": "object",
            "properties": {
                "id": {
                    "type": "integer"
                },
                "name": {
                    "type": "string"
                },
                "namespace": {
                    "type": "string"
                },
                "rules": {
                    "type": "array",
                    "items": {
                        "$ref": "#/definitions/model.Rule"
                    }
                },
                "scope": {
                    "$ref": "#/definitions/model.Scope"
                }
            }
        },
        "model.Rule": {
            "type": "object",
            "properties": {
                "operation": {
                    "$ref": "#/definitions/model.Operation"
                },
                "resource": {
                    "type": "string"
                }
            }
        },
        "model.Scope": {
            "type": "string",
            "enum": [
                "cluster",
                "namespace"
            ],
            "x-enum-varnames": [
                "ClusterScope",
                "NamespaceScope"
            ]
        },
        "model.Tag": {
            "type": "object",
            "properties": {
                "id": {
                    "type": "integer"
                },
                "name": {
                    "type": "string"
                }
            }
        },
        "model.UpdatedUser": {
            "type": "object",
            "properties": {
                "authInfos": {
                    "type": "array",
                    "items": {
                        "$ref": "#/definitions/model.AuthInfo"
                    }
                },
                "email": {
                    "type": "string"
                },
                "name": {
                    "type": "string"
                },
                "password": {
                    "type": "string"
                }
            }
        },
        "model.User": {
            "type": "object",
            "properties": {
                "authInfos": {
                    "type": "array",
                    "items": {
                        "$ref": "#/definitions/model.AuthInfo"
                    }
                },
                "avatar": {
                    "type": "string"
                },
                "createdAt": {
                    "type": "string"
                },
                "email": {
                    "type": "string"
                },
                "groups": {
                    "type": "array",
                    "items": {
                        "$ref": "#/definitions/model.Group"
                    }
                },
                "id": {
                    "type": "integer"
                },
                "name": {
                    "type": "string"
                },
                "roles": {
                    "type": "array",
                    "items": {
                        "$ref": "#/definitions/model.Role"
                    }
                },
                "updatedAt": {
                    "type": "string"
                }
            }
        }
    },
    "securityDefinitions": {
        "JWT": {
            "type": "apiKey",
            "name": "Authorization",
            "in": "header"
        }
    }
}